{
	"runNsoPreCheck": {
		"config": {
			"Url": "{REN_NSO_BASE_URL}/restconf/data/optus-common:ce/ntu/ce-ntu-manager:ntu-manager={deviceName}",
			"Method": "PATCH",
			"Timeout": "60000",
			"ConnectTimeout": "10000",
			"Headers": "Content-Type=application/json",
			"ContentType": "application/json",
			"ContentData": "{patchData}"
		},
		"parameters": [
			{
				"type": "environment",
				"key": "REN_NSO_BASE_URL"
			},
			{
				"type": "workitem",
				"key": "deviceName"
			},
			{
				"type": "workitem",
				"key": "patchData"
			}
		]
	},
	"generateDay0Config": {
		"config": {
			"Url": "{REN_NSO_BASE_URL}/restconf/data/optus-common:ce/ntu/ce-ntu-manager:ntu-manager={deviceName}",
			"Method": "PATCH",
			"Timeout": "60000",
			"ConnectTimeout": "10000",
			"Headers": "Content-Type=application/json",
			"ContentType": "application/json",
			"ContentData": "{patchData}"
		},
		"parameters": [
			{
				"type": "environment",
				"key": "REN_NSO_BASE_URL"
			},
			{
				"type": "workitem",
				"key": "deviceName"
			},
			{
				"type": "workitem",
				"key": "patchData"
			}
		]
	},
	"getDay0Config": {
		"config": {
			"Url": "{REN_NSO_BASE_URL}/restconf/data/optus-common:ce/ntu/ce-ntu-manager:ntu-manager={deviceName}/day0-configuration",
			"Method": "GET",
			"Timeout": "60000",
			"ConnectTimeout": "10000"
		},
		"parameters": [
			{
				"type": "environment",
				"key": "REN_NSO_BASE_URL"
			},
			{
				"type": "workitem",
				"key": "deviceName"
			}
		]
	},
	"ztpWebSerialNo": {
		"config": {
			"Url": "{REN_NSO_BASE_URL}/api/device_status",
			"Method": "POST",
			"Timeout": "60000",
			"ConnectTimeout": "10000",
			"Headers": "Content-Type=application/json",
			"ContentType": "application/json",
			"ContentData": "{patchData}"
		},
		"parameters": [
			{
				"type": "environment",
				"key": "REN_NSO_BASE_URL"
			},
			{
				"type": "workitem",
				"key": "deviceName"
			},
			{
				"type": "workitem",
				"key": "patchData"
			}
		]
	},
	"uploadZtpWeb": {
		"config": {
			"Url": "{REN_NSO_BASE_URL}/api/config/{deviceName}",
			"Method": "POST",
			"Timeout": "60000",
			"ConnectTimeout": "10000",
			"Headers": "Content-Type=application/json",
			"ContentType": "application/json",
			"ContentData": "{patchData}"
		},
		"parameters": [
			{
				"type": "environment",
				"key": "REN_NSO_BASE_URL"
			},
			{
				"type": "workitem",
				"key": "deviceName"
			},
			{
				"type": "workitem",
				"key": "patchData"
			}
		]
	},
	"createL2bdSpoke": {
		"config": {
			"Url": "{REN_NSO_BASE_URL}/restconf/data/optus-common:ce/ztp/ce-ztp-l2bd:l2bd",
			"Method": "POST",
			"Timeout": "60000",
			"ConnectTimeout": "10000",
			"Headers": "Content-Type=application/json",
			"ContentType": "application/json",
			"ContentData": "{patchData}"
		},
		"parameters": [
			{
				"type": "environment",
				"key": "REN_NSO_BASE_URL"
			},
			{
				"type": "workitem",
				"key": "deviceName"
			},
			{
				"type": "workitem",
				"key": "patchData"
			}
		]
	},
	"ztpWeb": {
		"config": { 
			"Url": "{REN_NSO_BASE_URL}/api/device_status/{deviceName}",
			"Method": "GET",
			"Timeout": "60000",
			"ConnectTimeout": "10000"
		},
		"parameters": [
			{
				"type": "environment",
				"key": "REN_NSO_BASE_URL"
			},
			{
				"type": "workitem",
				"key": "deviceName"
			}
		]
	},
	"deleteL2bdSpoke": { 
		"config": {
			"Url": "{REN_NSO_BASE_URL}/restconf/data/optus-common:ce/ztp/ce-ztp-l2bd:l2bd=22BT/spoke={deviceName}",
			"Method": "DELETE",
			"Timeout": "60000",
			"ConnectTimeout": "10000"
		},
		"parameters": [
			{
				"type": "environment",
				"key": "REN_NSO_BASE_URL"
			},
			{
				"type": "workitem",
				"key": "deviceName"
			}
		]
	},
	"MockServerPostTest1": {
		"config": {
			"Url": "http://localhost:8085/createResource",
			"Method": "POST",
			"Timeout": "60000",
			"ConnectTimeout": "10000",
			"Headers": "Content-Type=application/json",
			"ContentType": "application/json",
		"ContentData": "{\"test1\":{postdata1}, \"test2\":{postdata2}, \"test3\":{postdata3}}"
		},
		"parameters": [
			{
				"type": "environment",
				"key": "NSO_BASE_URL"
			},
			{
				"type": "jsonfile",
				"key": "postdata1",
				"varPath": "postdata.TaskData"
			},
			{
				"type": "jsonfile",
				"key": "postdata2",
				"varPath": "postdata.second"
			},
			{
				"type": "jsonfile",
				"key": "postdata3",
				"varPath": "postdata.third"
			}
			
		]
	},
	"MockServerPostTaskPushUpdate": {
		"config": {
			"Url": "http://localhost:8085/createResource",
			"Method": "POST",
			"Timeout": "60000",
			"ConnectTimeout": "10000",
			"Headers": "Content-Type=application/json",
			"ContentType": "application/json",
			"ContentData": "{postdata}"
		},
		"parameters": [
			{
				"type": "environment",
				"key": "NSO_BASE_URL"
			},
			{
				"type": "jsonfile",
				"key": "postdata",
				"varPath": "postdata"
			}			
		]
	}
}