{
	"runNsoPreCheck": {
		"config": {
			"Url": "https://reneew-mockitnso.apps.ocp1.ipa.iplab.au.singtelgroup.net/restconf/data/optus-common:ce/ntu/ce-ntu-manager:ntu-manager=ON2A-RAX-GOLC-F20-31",
			"Method": "PATCH",
			"Timeout": "60000",
			"ConnectTimeout": "10000",
			"Headers": "Content-Type=application/json;Api-Key={TX_EQUIPMENT_NSO_APIKEY}",
			"ContentType": "application/json",
			"ContentData": "{\"ce-ntu-manager:ntu-manager\": [{\"provisoning-stage\": \"prechecks-passed\"}]}"
		},
		"parameters": [
			{
				"type": "environment",
				"key": "TX_EQUIPMENT_T2_APIGEE_BASE_URL"
			},
			{
				"type": "environment",
				"key": "TX_EQUIPMENT_NSO_APIKEY"
			},
			{
				"type": "jsonfile",
				"key": "deviceName",
				"varPath": "ce-ntu-manager:ntu-manager.device-name"
			},
			{
				"type": "workitem",
				"key": "patchData"
			}
		]
	},
	"generateDay0Config": {
		"config": {
			"Url": "https://reneew-mockitnso.apps.ocp1.ipa.iplab.au.singtelgroup.net/restconf/data/optus-common:ce/ntu/ce-ntu-manager:ntu-manager=ON2A-RAX-GOLC-F20-31",
			"Method": "PATCH",
			"Timeout": "60000",
			"ConnectTimeout": "10000",
			"Headers": "Content-Type=application/json;Api-Key={TX_EQUIPMENT_NSO_APIKEY}",
			"ContentType": "application/json",
			"ContentData": "{\"ce-ntu-manager:ntu-manager\": [{\"provisoning-stage\": \"day0-generated\"}]}"
		},
		"parameters": [
			{
				"type": "environment",
				"key": "TX_EQUIPMENT_T2_APIGEE_BASE_URL"
			},
			{
				"type": "environment",
				"key": "TX_EQUIPMENT_NSO_APIKEY"
			},
			{
				"type": "jsonfile",
				"key": "deviceName",
				"varPath": "ce-ntu-manager:ntu-manager.device-name"
			},
			{
				"type": "workitem",
				"key": "patchData"
			}
		]
	},
	"getDay0Config": {
		"config": {
			"Url": "https://reneew-mockitnso.apps.ocp1.ipa.iplab.au.singtelgroup.net/restconf/data/optus-common:ce/ntu/ce-ntu-manager:ntu-manager=ON2A-RAX-GOLC-F20-31",
			"Method": "GET",
			"Timeout": "60000",
			"ConnectTimeout": "10000",
			"Headers": "Content-Type=application/json;Api-Key={TX_EQUIPMENT_NSO_APIKEY};Content-Length=0",
			"ContentData": ""
		},
		"parameters": [
			{
				"type": "environment",
				"key": "TX_EQUIPMENT_T2_APIGEE_BASE_URL"
			},
			{
				"type": "environment",
				"key": "TX_EQUIPMENT_NSO_APIKEY"
			},
			{
				"type": "jsonfile",
				"key": "remoteDevice",
				"varPath": "ce-ntu-manager:ntu-manager.device-name"
			}
		]
	},
	"createL2bdSpoke": {
		"config": {
			"Url": "https://reneew-mockitnso.apps.ocp1.ipa.iplab.au.singtelgroup.net/restconf/data/optus-common:ce/ztp/ce-ztp-l2bd:l2bd",
			"Method": "POST",
			"Timeout": "60000",
			"ConnectTimeout": "10000",
			"Headers": "Content-Type=application/json;Api-Key={TX_EQUIPMENT_NSO_APIKEY}",
			"ContentType": "application/json",
			"ContentData": "{\"bd-name\": \"22BT\",\"spoke\": [{\"device\": \"22rrfa01\",\"port\": \"0/0/0/21\",\"port-speed\": \"100G\"}]}"
		},
		"parameters": [
			{
				"type": "environment",
				"key": "TX_EQUIPMENT_T2_APIGEE_BASE_URL"
			},
			{
				"type": "environment",
				"key": "TX_EQUIPMENT_NSO_APIKEY"
			},
			{
				"type": "jsonfile",
				"key": "remoteDevice",
				"varPath": "ce-ntu-manager:ntu-manager.device-name"
			}
		]
	},
	"runNtuZtp": {
		"config": {
			"Url": "http://localhost:8085/fetchResource/tx-link-to-nso/v1/ngce-device-manager/ip?device-manager={remoteDevice}",
			"Method": "GET",
			"Timeout": "60000",
			"ConnectTimeout": "10000",
			"Headers": "Content-Type=application/json;Api-Key={TX_EQUIPMENT_NSO_APIKEY};Content-Length=0",
			"ContentData": ""
		},
		"parameters": [
			{
				"type": "environment",
				"key": "TX_EQUIPMENT_T2_APIGEE_BASE_URL"
			},
			{
				"type": "environment",
				"key": "TX_EQUIPMENT_NSO_APIKEY"
			},
			{
				"type": "jsonfile",
				"key": "remoteDevice",
				"varPath": "ce-ntu-manager:ntu-manager.device-name"
			}
		]
	},
	"deleteL2bdSpoke": {
		"config": {
			"Url": "https://reneew-mockitnso.apps.ocp1.ipa.iplab.au.singtelgroup.net/restconf/data/optus-common:ce/ztp/ce-ztp-l2bd:l2bd/33vsaa03",
			"Method": "GET",
			"Timeout": "60000",
			"ConnectTimeout": "10000",
			"Headers": "Content-Type=application/json;Api-Key={TX_EQUIPMENT_NSO_APIKEY};Content-Length=0",
			"ContentData": ""
		},
		"parameters": [
			{
				"type": "environment",
				"key": "TX_EQUIPMENT_T2_APIGEE_BASE_URL"
			},
			{
				"type": "environment",
				"key": "TX_EQUIPMENT_NSO_APIKEY"
			},
			{
				"type": "jsonfile",
				"key": "remoteDevice",
				"varPath": "ce-ntu-manager:ntu-manager.device-name"
			}
		]
	},
	"syncNsoConfig": {
		"config": {
			"Url": "https://reneew-mockitnso.apps.ocp1.ipa.iplab.au.singtelgroup.net/infra/ngce-device-manager:device-manager=device-name/actions/unlock-and-sync-device",
			"Method": "POST",
			"Timeout": "60000",
			"ConnectTimeout": "10000",
			"Headers": "Content-Type=application/json;Api-Key={TX_EQUIPMENT_NSO_APIKEY};Content-Length=0",
			"ContentType": "application/json",
			"ContentData": "{\"ce-mobile-mobilel3:mobilel3\": [{\"port-address\": \"10.0.160.61\",\"eo-number\": 6865237,\"mobile-ntu\": \"O2LJ-C54-G0AH-F15-18\",\"mobile-ntu-address\": \"10.116.182.7\",\"port-speed\": \"10G\",\"port-name\": \"0/0/0/13\",\"enodeb-bypass-ip\": \"10.0.0.2\",\"mobile-site-name\": \"Wahroonga\",\"exchange\": \"33VS\"}]}"
		},
		"parameters": [
			{
				"type": "environment",
				"key": "TX_EQUIPMENT_T2_APIGEE_BASE_URL"
			},
			{
				"type": "environment",
				"key": "TX_EQUIPMENT_NSO_APIKEY"
			},
			{
				"type": "jsonfile",
				"key": "deviceName",
				"varPath": "ngce-device-manager:device-manager.device-name"
			}
		]
	},
	"runNsoPostCheck": {
		"config": {
			"Url": "https://reneew-mockitnso.apps.ocp1.ipa.iplab.au.singtelgroup.net/restconf/data/optus-common:ngce/infra/ngce-device-manager:device-manager=device-name/actions/run-post-checks",
			"Method": "POST",
			"Timeout": "60000",
			"ConnectTimeout": "10000",
			"Headers": "Content-Type=application/json;Api-Key={TX_EQUIPMENT_NSO_APIKEY};Content-Length=0",
			"ContentType": "application/json",
			"ContentData": ""
		},
		"parameters": [
			{
				"type": "environment",
				"key": "TX_EQUIPMENT_T2_APIGEE_BASE_URL"
			},
			{
				"type": "environment",
				"key": "TX_EQUIPMENT_NSO_APIKEY"
			},
			{
				"type": "jsonfile",
				"key": "deviceName",
				"varPath": "ngce-device-manager:device-manager.device-name"
			}
		]
	},
	"runAnsiblePostCheck": {
		"config": {
			"Url": "{TX_EQUIPMENT_T2_APIGEE_BASE_URL}tx-link-to-nso/v1/ngce-device-manager/ip?device-manager={remoteDevice}",
			"Method": "GET",
			"Timeout": "60000",
			"ConnectTimeout": "10000",
			"Headers": "Content-Type=application/json;Api-Key={TX_EQUIPMENT_NSO_APIKEY};Content-Length=0",
			"ContentData": ""
		},
		"parameters": [
			{
				"type": "environment",
				"key": "TX_EQUIPMENT_T2_APIGEE_BASE_URL"
			},
			{
				"type": "environment",
				"key": "TX_EQUIPMENT_NSO_APIKEY"
			},
			{
				"type": "jsonfile",
				"key": "remoteDevice",
				"varPath": "ngce-device-manager:device-manager.nni-interfaces.remote-device"
			}
		]
	},
	"MockServerPostTest1": {
		"config": {
			"Url": "http://localhost:8085/createResource",
			"Method": "POST",
			"Timeout": "60000",
			"ConnectTimeout": "10000",
			"Headers": "Content-Type=application/json;Api-Key={TX_EQUIPMENT_NSO_APIKEY}",
			"ContentType": "application/json",
		"ContentData": "{\"test1\":{postdata1}, \"test2\":{postdata2}, \"test3\":{postdata3}}"
		},
		"parameters": [
			{
				"type": "environment",
				"key": "TX_EQUIPMENT_NSO_APIKEY"
			},
			{
				"type": "jsonfile",
				"key": "postdata1",
				"varPath": "postdata.TaskData"
			},
			{
				"type": "jsonfile",
				"key": "postdata2",
				"varPath": "postdata.second"
			},
			{
				"type": "jsonfile",
				"key": "postdata3",
				"varPath": "postdata.third"
			}
			
		]
	},
	"MockServerPostTaskPushUpdate": {
		"config": {
			"Url": "http://localhost:8085/createResource",
			"Method": "POST",
			"Timeout": "60000",
			"ConnectTimeout": "10000",
			"Headers": "Content-Type=application/json;Api-Key={TX_EQUIPMENT_NSO_APIKEY}",
			"ContentType": "application/json",
			"ContentData": "{postdata}"
		},
		"parameters": [
			{
				"type": "environment",
				"key": "TX_EQUIPMENT_NSO_APIKEY"
			},
			{
				"type": "jsonfile",
				"key": "postdata",
				"varPath": "postdata"
			}			
		]
	}
}