{
	"T1-1NSOGetDownstreamDeviceIP": {
		"config": {
			"Url": "{TX_EQUIPMENT_T2_APIGEE_BASE_URL}tx-link-to-nso/v1/ngce-device-manager/ip?device-manager={deviceName}",
			"Method": "GET",
			"Timeout": "60000",
			"ConnectTimeout": "10000",
			"Headers": "Content-Type=application/json;Api-Key={TX_EQUIPMENT_NSO_APIKEY};Content-Length=0",
			"ContentData": ""
		},
		"parameters": [
			{
				"type": "environment",
				"key": "TX_EQUIPMENT_T2_APIGEE_BASE_URL"
			},
			{
				"type": "environment",
				"key": "TX_EQUIPMENT_NSO_APIKEY"
			},
			{
				"type": "jsonfile",
				"key": "deviceName",
				"varPath": "ngce-device-manager:device-manager.device-name"
			}
		]
	},
	"T1-2NSOGetDownstreamDeviceType": {
		"config": {
			"Url": "{TX_EQUIPMENT_T2_APIGEE_BASE_URL}tx-link-to-nso/v1/ngce-device-manager/type?device-manager={deviceName}",
			"Method": "GET",
			"Timeout": "60000",
			"ConnectTimeout": "10000",
			"Headers": "Content-Type=application/json;Api-Key={TX_EQUIPMENT_NSO_APIKEY};Content-Length=0",
			"ContentData": ""
		},
		"parameters": [
			{
				"type": "environment",
				"key": "TX_EQUIPMENT_T2_APIGEE_BASE_URL"
			},
			{
				"type": "environment",
				"key": "TX_EQUIPMENT_NSO_APIKEY"
			},
			{
				"type": "jsonfile",
				"key": "deviceName",
				"varPath": "ngce-device-manager:device-manager.device-name"
			}
		]
	},
	"T1-3NSOGetUpstreamDeviceIP": {
		"config": {
			"Url": "{TX_EQUIPMENT_T2_APIGEE_BASE_URL}tx-link-to-nso/v1/ngce-device-manager/ip?device-manager={remoteDevice}",
			"Method": "GET",
			"Timeout": "60000",
			"ConnectTimeout": "10000",
			"Headers": "Content-Type=application/json;Api-Key={TX_EQUIPMENT_NSO_APIKEY};Content-Length=0",
			"ContentData": ""
		},
		"parameters": [
			{
				"type": "environment",
				"key": "TX_EQUIPMENT_T2_APIGEE_BASE_URL"
			},
			{
				"type": "environment",
				"key": "TX_EQUIPMENT_NSO_APIKEY"
			},
			{
				"type": "jsonfile",
				"key": "remoteDevice",
				"varPath": "ngce-device-manager:device-manager.nni-interfaces.remote-device"
			}
		]
	},
	"T1-4NSOGetUpstreamDeviceType": {
		"config": {
			"Url": "{TX_EQUIPMENT_T2_APIGEE_BASE_URL}tx-link-to-nso/v1/ngce-device-manager/type?device-manager={remoteDevice}",
			"Method": "GET",
			"Timeout": "60000",
			"ConnectTimeout": "10000",
			"Headers": "Content-Type=application/json;Api-Key={TX_EQUIPMENT_NSO_APIKEY};Content-Length=0",
			"ContentData": ""
		},
		"parameters": [
			{
				"type": "environment",
				"key": "TX_EQUIPMENT_T2_APIGEE_BASE_URL"
			},
			{
				"type": "environment",
				"key": "TX_EQUIPMENT_NSO_APIKEY"
			},
			{
				"type": "jsonfile",
				"key": "remoteDevice",
				"varPath": "ngce-device-manager:device-manager.nni-interfaces.remote-device"
			}
		]
	},
	"T5NSOBuildNNILink": {
		"config": {
			"Url": "https://route-nso-mock-api-dev.apps.ocp1.ipa.iplab.au.singtelgroup.net/tx-link-to-nso/v1/ngce-device-manager/nni",
			"Method": "PATCH",
			"Timeout": "60000",
			"ConnectTimeout": "10000",
			"Headers": "Content-Type=application/json;Api-Key={TX_EQUIPMENT_NSO_APIKEY}",
			"ContentType": "application/json",
			"ContentData": ""
		},
		"parameters": [
			{
				"type": "environment",
				"key": "TX_EQUIPMENT_NSO_APIKEY"
			}
		]
	},
	"MockServerPostTest1": {
		"config": {
			"Url": "http://localhost:8085/createResource",
			"Method": "POST",
			"Timeout": "60000",
			"ConnectTimeout": "10000",
			"Headers": "Content-Type=application/json;Api-Key={TX_EQUIPMENT_NSO_APIKEY}",
			"ContentType": "application/json",
		"ContentData": "{\"test1\":{postdata1}, \"test2\":{postdata2}, \"test3\":{postdata3}}"
		},
		"parameters": [
			{
				"type": "environment",
				"key": "TX_EQUIPMENT_NSO_APIKEY"
			},
			{
				"type": "jsonfile",
				"key": "postdata1",
				"varPath": "postdata.TaskData"
			},
			{
				"type": "jsonfile",
				"key": "postdata2",
				"varPath": "postdata.second"
			},
			{
				"type": "jsonfile",
				"key": "postdata3",
				"varPath": "postdata.third"
			}
			
		]
	}
}